{"episode_reward": [-14.699999999999935, -6.999999999999954, -58.600000000000165, -38.2999999999999, -12.399999999999945, -38.5999999999999, -16.59999999999993, 8.199999999999985, -30.699999999999918, -11.299999999999944, -67.4000000000002, -28.499999999999908, -52.40000000000002, -37.699999999999896, 1.900000000000011, -16.89999999999995, -24.599999999999916, -13.699999999999946, -29.69999999999989, 2.399999999999986, -51.19999999999994, -3.6999999999999567, -62.50000000000021, -34.4999999999999, -1.6999999999999869], "_timestamp": 1685609187.509582, "_runtime": 1394.369831085205, "_step": 0}