{"episode_reward": [], "_timestamp": 1685606822.2581904, "_runtime": 990.0718352794647, "_step": 0}